{
    "source_hash": "a035f1a72114801e851850035ff2c069081871a2e955fba25c047ffb34a7b9b8",
    "functionalities": [
        "- Implement a POST /register endpoint that allows a user to register an :Account:.",
        "- Implement a POST /login endpoint that allows a user to login to an :Account:.",
        "- Implement a POST /logout endpoint that allows a user to logout from an :Account:.",
        "- Implement PUT /me endpoint that allows a user to update their :Account:.",
        "- Implement GET /me endpoint that allows a user to view their :Account:.",
        "- Implement DELETE /me endpoint that allows a user to delete their :Account:."
    ],
    "required_modules_code_hash": "3b70eb3bb359e413d9213f6cf37f98ca705ee4caf2079887645b9566de5f50e0",
    "required_modules_functionalities": {
        "healthcheck": [
            "- Implement a /healthcheck endpoint that returns a 200 status code if the :App: is running."
        ]
    }
}