{
    "source_hash": "b96ae8d2bc479e3650458578823e2e9fccca97046052b7d8e6b2fbb7954b7232",
    "functionalities": [
        "- Implement a POST /register endpoint that allows a user to register an :Account:.",
        "- Implement a POST /login endpoint that allows a user to login to an :Account:.",
        "- Implement a POST /logout endpoint that allows a user to logout from an :Account:.",
        "- Implement PUT /me endpoint that allows a user to update their :Account:.",
        "- Implement GET /me endpoint that allows a user to view their :Account:.",
        "- Implement DELETE /me endpoint that allows a user to delete their :Account:."
    ],
    "required_modules_code_hash": "3aeca6b37639271794ea95b9959e099a561c3cbbfaf665be3c5bb6f712df8aed",
    "required_modules_functionalities": {
        "healthcheck": [
            "- Implement a /healthcheck endpoint that returns a 200 status code if the :App: is running."
        ]
    }
}